road_segment_id,timestamp,road_health_score,severity_score,priority_score,priority,detection_count,damage_class_counts,avg_confidence,max_severity_score,damage_frame_pct,unique_detections,maintenance_performed,future_road_health,future_priority_score,days_to_next_inspection,days_since_previous_inspection,previous_road_health_score,deterioration_rate,number_of_previous_inspections
ROAD_001,2025-01-08T00:00:00,96,28,21,Routine,1,"{""D00"": 0, ""D10"": 1, ""D20"": 0, ""D40"": 0}",0.5627,56.269999999999996,16.6,1,0,96,20,44,0,96,0.0,0
ROAD_001,2025-02-21T00:00:00,96,26,20,Routine,1,"{""D00"": 1, ""D10"": 0, ""D20"": 0, ""D40"": 0}",0.7857,78.57,66.7,1,0,96,21,30,44,96,0.0,1
ROAD_001,2025-03-23T00:00:00,96,29,21,Routine,1,"{""D00"": 1, ""D10"": 0, ""D20"": 0, ""D40"": 0}",0.9329,93.28999999999999,33.6,1,0,91,29,35,30,96,0.0,2
ROAD_001,2025-04-27T00:00:00,91,31,29,Routine,2,"{""D00"": 0, ""D10"": 2, ""D20"": 0, ""D40"": 0}",0.6986,79.74,70.3,2,0,92,26,66,35,96,0.1429,3
ROAD_001,2025-07-02T00:00:00,92,26,26,Routine,2,"{""D00"": 2, ""D10"": 0, ""D20"": 0, ""D40"": 0}",0.7974,89.66,24.7,2,0,92,27,47,66,91,-0.0152,4
ROAD_001,2025-08-18T00:00:00,92,27,27,Routine,2,"{""D00"": 1, ""D10"": 1, ""D20"": 0, ""D40"": 0}",0.6883,73.49,12.2,2,0,92,26,50,47,92,0.0,5
ROAD_001,2025-10-07T00:00:00,92,25,26,Routine,2,"{""D00"": 2, ""D10"": 0, ""D20"": 0, ""D40"": 0}",0.7305,81.22,49.3,2,0,79,46,46,50,92,0.0,6
ROAD_001,2025-11-22T00:00:00,79,36,46,Medium,5,"{""D00"": 1, ""D10"": 3, ""D20"": 1, ""D40"": 0}",0.756,94.84,10.2,5,0,,,,46,92,0.2826,7
ROAD_002,2025-01-30T00:00:00,96,30,22,Routine,1,"{""D00"": 0, ""D10"": 1, ""D20"": 0, ""D40"": 0}",0.6296,62.96000000000001,36.2,1,0,96,21,40,0,96,0.0,0
ROAD_002,2025-03-11T00:00:00,96,28,21,Routine,1,"{""D00"": 1, ""D10"": 0, ""D20"": 0, ""D40"": 0}",0.9015,90.14999999999999,68.2,1,0,96,28,49,40,96,0.0,1
ROAD_002,2025-04-29T00:00:00,96,43,28,Routine,1,"{""D00"": 0, ""D10"": 0, ""D20"": 1, ""D40"": 0}",0.9412,94.12,47.3,1,0,78,44,38,49,96,0.0,2
ROAD_002,2025-06-06T00:00:00,78,31,44,Medium,5,"{""D00"": 3, ""D10"": 1, ""D20"": 1, ""D40"": 0}",0.6622,71.93,73.4,5,0,87,35,85,38,96,0.4737,3
ROAD_002,2025-08-30T00:00:00,87,30,35,Routine,3,"{""D00"": 2, ""D10"": 0, ""D20"": 1, ""D40"": 0}",0.7341,83.93,61.0,3,0,92,26,73,85,78,-0.1059,4
ROAD_002,2025-11-11T00:00:00,92,26,26,Routine,2,"{""D00"": 1, ""D10"": 1, ""D20"": 0, ""D40"": 0}",0.638,64.99000000000001,74.6,2,0,77,58,58,73,87,-0.0685,5
ROAD_002,2026-01-08T00:00:00,77,57,58,Medium,10,"{""D00"": 1, ""D10"": 3, ""D20"": 2, ""D40"": 4}",0.7571,94.41000000000001,60.1,10,0,78,50,45,58,92,0.2586,6
ROAD_002,2026-02-22T00:00:00,78,43,50,Medium,5,"{""D00"": 0, ""D10"": 2, ""D20"": 2, ""D40"": 1}",0.6933,94.35,56.4,5,0,,,,45,77,-0.0222,7
ROAD_003,2025-01-05T00:00:00,100,0,0,Routine,0,"{""D00"": 0, ""D10"": 0, ""D20"": 0, ""D40"": 0}",0.0,0.0,0.0,0,0,92,27,68,0,100,0.0,0
ROAD_003,2025-03-14T00:00:00,92,28,27,Routine,2,"{""D00"": 1, ""D10"": 1, ""D20"": 0, ""D40"": 0}",0.7399,91.21000000000001,33.3,2,0,92,25,38,68,100,0.1176,1
ROAD_003,2025-04-21T00:00:00,92,24,25,Routine,2,"{""D00"": 2, ""D10"": 0, ""D20"": 0, ""D40"": 0}",0.6684,78.3,20.4,2,0,83,44,38,38,92,0.0,2
ROAD_003,2025-05-29T00:00:00,83,35,44,Medium,4,"{""D00"": 2, ""D10"": 0, ""D20"": 2, ""D40"": 0}",0.7431,92.03,59.1,4,0,79,44,54,38,92,0.2368,3
ROAD_003,2025-07-22T00:00:00,79,32,44,Medium,5,"{""D00"": 3, ""D10"": 2, ""D20"": 0, ""D40"": 0}",0.7719,93.67999999999999,45.8,5,0,87,45,54,54,83,0.0741,4
ROAD_003,2025-09-14T00:00:00,87,49,45,Medium,3,"{""D00"": 0, ""D10"": 1, ""D20"": 0, ""D40"": 2}",0.8357,92.95,56.7,3,0,78,51,50,54,79,-0.1481,5
ROAD_003,2025-11-03T00:00:00,78,45,51,Medium,6,"{""D00"": 1, ""D10"": 1, ""D20"": 3, ""D40"": 1}",0.7506,82.09,63.8,6,0,76,51,59,50,87,0.18,6
ROAD_003,2026-01-01T00:00:00,76,42,51,Medium,9,"{""D00"": 1, ""D10"": 2, ""D20"": 6, ""D40"": 0}",0.7811,94.52000000000001,59.4,9,0,,,,59,78,0.0339,7
ROAD_004,2025-01-27T00:00:00,91,25,26,Routine,2,"{""D00"": 2, ""D10"": 0, ""D20"": 0, ""D40"": 0}",0.7111,86.99,72.8,2,0,91,32,61,0,91,0.0,0
ROAD_004,2025-03-29T00:00:00,91,37,32,Routine,2,"{""D00"": 0, ""D10"": 1, ""D20"": 1, ""D40"": 0}",0.831,88.62,11.9,2,0,79,45,71,61,91,0.0,1
ROAD_004,2025-06-08T00:00:00,79,33,45,Medium,5,"{""D00"": 2, ""D10"": 3, ""D20"": 0, ""D40"": 0}",0.8175,88.57000000000001,25.3,5,0,83,46,74,71,91,0.169,2
ROAD_004,2025-08-21T00:00:00,83,38,46,Medium,4,"{""D00"": 1, ""D10"": 1, ""D20"": 2, ""D40"": 0}",0.7905,87.22,35.9,4,0,90,43,62,74,79,-0.0541,3
ROAD_004,2025-10-22T00:00:00,90,58,43,Medium,2,"{""D00"": 0, ""D10"": 0, ""D20"": 0, ""D40"": 2}",0.8702,93.62,28.9,2,0,77,50,81,62,83,-0.1129,4
ROAD_004,2026-01-11T00:00:00,77,41,50,Medium,10,"{""D00"": 2, ""D10"": 4, ""D20"": 4, ""D40"": 0}",0.7731,92.92,32.1,10,0,77,52,77,81,90,0.1605,5
ROAD_004,2026-03-29T00:00:00,77,45,52,Medium,10,"{""D00"": 2, ""D10"": 5, ""D20"": 2, ""D40"": 1}",0.7875,92.64,51.2,10,0,78,47,57,77,77,0.0,6
ROAD_004,2026-05-25T00:00:00,78,37,47,Medium,8,"{""D00"": 3, ""D10"": 3, ""D20"": 2, ""D40"": 0}",0.7007,86.50999999999999,51.9,8,0,,,,57,77,-0.0175,7
ROAD_005,2025-01-31T00:00:00,96,31,22,Routine,1,"{""D00"": 0, ""D10"": 1, ""D20"": 0, ""D40"": 0}",0.7382,73.82,55.6,1,0,91,28,88,0,96,0.0,0
ROAD_005,2025-04-29T00:00:00,91,29,28,Routine,2,"{""D00"": 1, ""D10"": 1, ""D20"": 0, ""D40"": 0}",0.7704,82.75,30.2,2,0,91,31,90,88,96,0.0568,1
ROAD_005,2025-07-28T00:00:00,91,34,31,Routine,2,"{""D00"": 0, ""D10"": 2, ""D20"": 0, ""D40"": 0}",0.8365,93.81,13.8,2,0,79,43,63,90,91,0.0,2
ROAD_005,2025-09-29T00:00:00,79,30,43,Medium,5,"{""D00"": 3, ""D10"": 2, ""D20"": 0, ""D40"": 0}",0.7867,88.39,78.6,5,0,88,35,45,63,91,0.1905,3
ROAD_005,2025-11-13T00:00:00,88,30,35,Routine,3,"{""D00"": 2, ""D10"": 0, ""D20"": 1, ""D40"": 0}",0.7553,85.91,33.3,3,0,78,57,78,45,79,-0.2,4
ROAD_005,2026-01-30T00:00:00,78,56,57,Medium,5,"{""D00"": 1, ""D10"": 1, ""D20"": 0, ""D40"": 3}",0.7794,89.97,55.8,5,1,100,0,39,78,88,0.1282,5
ROAD_005,2026-03-10T00:00:00,100,0,0,Routine,0,"{""D00"": 0, ""D10"": 0, ""D20"": 0, ""D40"": 0}",0.0,0.0,0.0,0,0,100,0,69,39,78,-0.5641,6
ROAD_005,2026-05-18T00:00:00,100,0,0,Routine,0,"{""D00"": 0, ""D10"": 0, ""D20"": 0, ""D40"": 0}",0.0,0.0,0.0,0,0,,,,69,100,0.0,7
ROAD_006,2025-01-21T00:00:00,100,0,0,Routine,0,"{""D00"": 0, ""D10"": 0, ""D20"": 0, ""D40"": 0}",0.0,0.0,0.0,0,0,96,20,78,0,100,0.0,0
ROAD_006,2025-04-09T00:00:00,96,27,20,Routine,1,"{""D00"": 1, ""D10"": 0, ""D20"": 0, ""D40"": 0}",0.8487,84.87,40.4,1,0,96,21,36,78,100,0.0513,1
ROAD_006,2025-05-15T00:00:00,96,28,21,Routine,1,"{""D00"": 1, ""D10"": 0, ""D20"": 0, ""D40"": 0}",0.8685,86.85000000000001,30.5,1,0,87,35,53,36,96,0.0,2
ROAD_006,2025-07-07T00:00:00,87,29,35,Routine,3,"{""D00"": 1, ""D10"": 2, ""D20"": 0, ""D40"": 0}",0.7291,91.51,10.7,3,0,83,46,81,53,96,0.1698,3
ROAD_006,2025-09-26T00:00:00,83,38,46,Medium,4,"{""D00"": 1, ""D10"": 2, ""D20"": 1, ""D40"": 0}",0.8692,94.51,56.1,4,1,100,0,47,81,87,0.0494,4
ROAD_006,2025-11-12T00:00:00,100,0,0,Routine,0,"{""D00"": 0, ""D10"": 0, ""D20"": 0, ""D40"": 0}",0.0,0.0,0.0,0,0,100,0,33,47,83,-0.3617,5
ROAD_006,2025-12-15T00:00:00,100,0,0,Routine,0,"{""D00"": 0, ""D10"": 0, ""D20"": 0, ""D40"": 0}",0.0,0.0,0.0,0,0,92,30,83,33,100,0.0,6
ROAD_006,2026-03-08T00:00:00,92,33,30,Routine,2,"{""D00"": 0, ""D10"": 2, ""D20"": 0, ""D40"": 0}",0.8065,80.85,31.6,2,0,,,,83,100,0.0964,7
ROAD_007,2025-01-11T00:00:00,100,0,0,Routine,0,"{""D00"": 0, ""D10"": 0, ""D20"": 0, ""D40"": 0}",0.0,0.0,0.0,0,0,100,0,41,0,100,0.0,0
ROAD_007,2025-02-21T00:00:00,100,0,0,Routine,0,"{""D00"": 0, ""D10"": 0, ""D20"": 0, ""D40"": 0}",0.0,0.0,0.0,0,0,92,29,86,41,100,0.0,1
ROAD_007,2025-05-18T00:00:00,92,32,29,Routine,2,"{""D00"": 1, ""D10"": 1, ""D20"": 0, ""D40"": 0}",0.9043,93.69,66.3,2,0,92,27,53,86,100,0.093,2
ROAD_007,2025-07-10T00:00:00,92,27,27,Routine,2,"{""D00"": 2, ""D10"": 0, ""D20"": 0, ""D40"": 0}",0.8195,81.99,43.0,2,0,92,33,69,53,92,0.0,3
ROAD_007,2025-09-17T00:00:00,92,39,33,Routine,2,"{""D00"": 0, ""D10"": 0, ""D20"": 2, ""D40"": 0}",0.7427,87.94999999999999,76.2,2,0,96,19,49,69,92,0.0,4
ROAD_007,2025-11-05T00:00:00,96,25,19,Routine,1,"{""D00"": 1, ""D10"": 0, ""D20"": 0, ""D40"": 0}",0.6984,69.84,76.5,1,0,78,49,74,49,92,-0.0816,5
ROAD_007,2026-01-18T00:00:00,78,40,49,Medium,5,"{""D00"": 0, ""D10"": 3, ""D20"": 2, ""D40"": 0}",0.8531,93.73,51.8,5,1,96,23,31,74,96,0.2432,6
ROAD_007,2026-02-18T00:00:00,96,32,23,Routine,1,"{""D00"": 0, ""D10"": 1, ""D20"": 0, ""D40"": 0}",0.7846,78.46,66.9,1,0,,,,31,78,-0.5806,7
ROAD_008,2025-01-28T00:00:00,96,32,23,Routine,1,"{""D00"": 0, ""D10"": 1, ""D20"": 0, ""D40"": 0}",0.8144,81.44,11.8,1,0,96,18,30,0,96,0.0,0
ROAD_008,2025-02-27T00:00:00,96,22,18,Routine,1,"{""D00"": 1, ""D10"": 0, ""D20"": 0, ""D40"": 0}",0.6007,60.07,39.5,1,0,91,28,37,30,96,0.0,1
ROAD_008,2025-04-05T00:00:00,91,28,28,Routine,2,"{""D00"": 1, ""D10"": 1, ""D20"": 0, ""D40"": 0}",0.7007,73.08,55.0,2,0,79,45,31,37,96,0.1351,2
ROAD_008,2025-05-06T00:00:00,79,34,45,Medium,5,"{""D00"": 1, ""D10"": 3, ""D20"": 1, ""D40"": 0}",0.7359,94.78999999999999,26.0,5,0,79,46,51,31,91,0.3871,3
ROAD_008,2025-06-26T00:00:00,79,35,46,Medium,5,"{""D00"": 2, ""D10"": 2, ""D20"": 1, ""D40"": 0}",0.7359,81.6,34.6,5,0,86,40,66,51,79,0.0,4
ROAD_008,2025-08-31T00:00:00,86,39,40,Medium,3,"{""D00"": 0, ""D10"": 0, ""D20"": 3, ""D40"": 0}",0.6847,79.54,29.1,3,0,78,47,78,66,79,-0.1061,5
ROAD_008,2025-11-17T00:00:00,78,37,47,Medium,6,"{""D00"": 2, ""D10"": 2, ""D20"": 2, ""D40"": 0}",0.7397,86.07000000000001,40.1,6,0,77,54,48,78,86,0.1026,6
ROAD_008,2026-01-04T00:00:00,77,50,54,Medium,8,"{""D00"": 2, ""D10"": 3, ""D20"": 1, ""D40"": 2}",0.7519,94.38,51.2,8,1,,,,48,78,0.0208,7
ROAD_009,2025-01-03T00:00:00,100,0,0,Routine,0,"{""D00"": 0, ""D10"": 0, ""D20"": 0, ""D40"": 0}",0.0,0.0,0.0,0,0,100,0,37,0,100,0.0,0
ROAD_009,2025-02-09T00:00:00,100,0,0,Routine,0,"{""D00"": 0, ""D10"": 0, ""D20"": 0, ""D40"": 0}",0.0,0.0,0.0,0,0,96,20,79,37,100,0.0,1
ROAD_009,2025-04-29T00:00:00,96,26,20,Routine,1,"{""D00"": 1, ""D10"": 0, ""D20"": 0, ""D40"": 0}",0.791,79.10000000000001,63.2,1,0,79,45,71,79,100,0.0506,2
ROAD_009,2025-07-09T00:00:00,79,34,45,Medium,5,"{""D00"": 2, ""D10"": 2, ""D20"": 1, ""D40"": 0}",0.725,80.72,50.6,5,0,91,32,80,71,96,0.2394,3
ROAD_009,2025-09-27T00:00:00,91,36,32,Routine,2,"{""D00"": 0, ""D10"": 1, ""D20"": 1, ""D40"": 0}",0.7511,75.18,22.1,2,0,78,51,45,80,79,-0.15,4
ROAD_009,2025-11-11T00:00:00,78,44,51,Medium,5,"{""D00"": 1, ""D10"": 0, ""D20"": 3, ""D40"": 1}",0.7268,93.58,59.6,5,0,79,45,35,45,91,0.2889,5
ROAD_009,2025-12-16T00:00:00,79,33,45,Medium,5,"{""D00"": 0, ""D10"": 4, ""D20"": 1, ""D40"": 0}",0.6445,80.84,68.2,5,0,77,53,79,35,78,-0.0286,6
ROAD_009,2026-03-05T00:00:00,77,47,53,Medium,5,"{""D00"": 1, ""D10"": 1, ""D20"": 2, ""D40"": 1}",0.7688,94.38,43.6,5,0,,,,79,79,0.0253,7
ROAD_010,2025-01-10T00:00:00,100,0,0,Routine,0,"{""D00"": 0, ""D10"": 0, ""D20"": 0, ""D40"": 0}",0.0,0.0,0.0,0,0,96,21,40,0,100,0.0,0
ROAD_010,2025-02-19T00:00:00,96,29,21,Routine,1,"{""D00"": 1, ""D10"": 0, ""D20"": 0, ""D40"": 0}",0.9039,90.39,75.1,1,0,92,25,56,40,100,0.1,1
ROAD_010,2025-04-16T00:00:00,92,24,25,Routine,2,"{""D00"": 2, ""D10"": 0, ""D20"": 0, ""D40"": 0}",0.6711,67.75,68.1,2,0,92,26,74,56,96,0.0714,2
ROAD_010,2025-06-29T00:00:00,92,26,26,Routine,2,"{""D00"": 1, ""D10"": 1, ""D20"": 0, ""D40"": 0}",0.6407,64.51,18.5,2,0,79,43,45,74,92,0.0,3
ROAD_010,2025-08-13T00:00:00,79,30,43,Medium,5,"{""D00"": 4, ""D10"": 1, ""D20"": 0, ""D40"": 0}",0.8144,94.24,27.8,5,0,91,27,31,45,92,0.2889,4
ROAD_010,2025-09-13T00:00:00,91,27,27,Routine,2,"{""D00"": 1, ""D10"": 1, ""D20"": 0, ""D40"": 0}",0.6852,80.27,66.8,2,0,79,43,34,31,79,-0.3871,5
ROAD_010,2025-10-17T00:00:00,79,29,43,Medium,5,"{""D00"": 4, ""D10"": 1, ""D20"": 0, ""D40"": 0}",0.7502,91.97,46.3,5,1,100,0,81,34,91,0.3529,6
ROAD_010,2026-01-06T00:00:00,100,0,0,Routine,0,"{""D00"": 0, ""D10"": 0, ""D20"": 0, ""D40"": 0}",0.0,0.0,0.0,0,0,,,,81,79,-0.2593,7
ROAD_011,2025-01-10T00:00:00,92,29,28,Routine,2,"{""D00"": 1, ""D10"": 1, ""D20"": 0, ""D40"": 0}",0.7673,80.58,65.4,2,0,92,26,33,0,92,0.0,0
ROAD_011,2025-02-12T00:00:00,92,26,26,Routine,2,"{""D00"": 2, ""D10"": 0, ""D20"": 0, ""D40"": 0}",0.7589,82.12,36.8,2,0,96,20,66,33,92,0.0,1
ROAD_011,2025-04-19T00:00:00,96,26,20,Routine,1,"{""D00"": 1, ""D10"": 0, ""D20"": 0, ""D40"": 0}",0.7796,77.96,47.1,1,0,92,29,55,66,92,-0.0606,2
ROAD_011,2025-06-13T00:00:00,92,31,29,Routine,2,"{""D00"": 1, ""D10"": 0, ""D20"": 1, ""D40"": 0}",0.6965,75.71,52.8,2,0,79,44,74,55,96,0.0727,3
ROAD_011,2025-08-26T00:00:00,79,32,44,Medium,5,"{""D00"": 3, ""D10"": 1, ""D20"": 1, ""D40"": 0}",0.7452,90.95,50.1,5,0,87,37,59,74,92,0.1757,4
ROAD_011,2025-10-24T00:00:00,87,34,37,Routine,3,"{""D00"": 0, ""D10"": 2, ""D20"": 1, ""D40"": 0}",0.739,94.98,71.5,3,0,88,35,79,59,79,-0.1356,5
ROAD_011,2026-01-11T00:00:00,88,31,35,Routine,3,"{""D00"": 1, ""D10"": 2, ""D20"": 0, ""D40"": 0}",0.8117,92.39,76.9,3,0,83,44,47,79,87,-0.0127,6
ROAD_011,2026-02-27T00:00:00,83,35,44,Medium,4,"{""D00"": 0, ""D10"": 3, ""D20"": 1, ""D40"": 0}",0.7794,92.94,54.7,4,0,,,,47,88,0.1064,7
ROAD_012,2025-01-08T00:00:00,92,24,25,Routine,2,"{""D00"": 2, ""D10"": 0, ""D20"": 0, ""D40"": 0}",0.7004,72.58,60.3,2,0,91,29,76,0,92,0.0,0
ROAD_012,2025-03-25T00:00:00,91,30,29,Routine,2,"{""D00"": 1, ""D10"": 0, ""D20"": 1, ""D40"": 0}",0.5995,60.64000000000001,13.5,2,0,79,43,90,76,92,0.0132,1
ROAD_012,2025-06-23T00:00:00,79,30,43,Medium,5,"{""D00"": 4, ""D10"": 1, ""D20"": 0, ""D40"": 0}",0.7605,90.29,40.2,5,0,79,46,86,90,91,0.1333,2
ROAD_012,2025-09-17T00:00:00,79,35,46,Medium,6,"{""D00"": 4, ""D10"": 0, ""D20"": 2, ""D40"": 0}",0.6935,85.2,72.5,6,0,77,52,38,86,79,0.0,3
ROAD_012,2025-10-25T00:00:00,77,46,52,Medium,8,"{""D00"": 1, ""D10"": 2, ""D20"": 4, ""D40"": 1}",0.7877,93.67999999999999,71.1,8,0,76,55,77,38,79,0.0526,4
ROAD_012,2026-01-10T00:00:00,76,51,55,Medium,9,"{""D00"": 1, ""D10"": 4, ""D20"": 2, ""D40"": 2}",0.7686,93.28999999999999,19.6,9,0,78,50,69,77,77,0.013,5
ROAD_012,2026-03-20T00:00:00,78,43,50,Medium,5,"{""D00"": 1, ""D10"": 2, ""D20"": 1, ""D40"": 1}",0.7077,93.58,68.6,5,0,75,55,89,69,76,-0.029,6
ROAD_012,2026-06-17T00:00:00,75,50,55,Medium,10,"{""D00"": 3, ""D10"": 2, ""D20"": 3, ""D40"": 2}",0.7411,94.56,45.2,10,0,,,,89,78,0.0337,7
ROAD_013,2025-01-31T00:00:00,100,0,0,Routine,0,"{""D00"": 0, ""D10"": 0, ""D20"": 0, ""D40"": 0}",0.0,0.0,0.0,0,0,96,20,69,0,100,0.0,0
ROAD_013,2025-04-10T00:00:00,96,27,20,Routine,1,"{""D00"": 1, ""D10"": 0, ""D20"": 0, ""D40"": 0}",0.8308,83.08,73.9,1,0,87,35,78,69,100,0.058,1
ROAD_013,2025-06-27T00:00:00,87,30,35,Routine,3,"{""D00"": 2, ""D10"": 1, ""D20"": 0, ""D40"": 0}",0.8782,91.12,40.9,3,0,76,55,73,78,96,0.1154,2
ROAD_013,2025-09-08T00:00:00,76,51,55,Medium,8,"{""D00"": 1, ""D10"": 3, ""D20"": 2, ""D40"": 2}",0.7516,89.78,61.0,8,0,74,58,44,73,87,0.1507,3
ROAD_013,2025-10-22T00:00:00,74,55,58,Medium,10,"{""D00"": 2, ""D10"": 0, ""D20"": 2, ""D40"": 6}",0.6945,79.60000000000001,31.0,10,0,77,52,41,44,76,0.0455,4
ROAD_013,2025-12-02T00:00:00,77,45,52,Medium,7,"{""D00"": 1, ""D10"": 3, ""D20"": 2, ""D40"": 1}",0.8176,92.49000000000001,37.8,7,0,76,58,45,41,74,-0.0732,5
ROAD_013,2026-01-16T00:00:00,76,56,58,Medium,10,"{""D00"": 0, ""D10"": 5, ""D20"": 2, ""D40"": 3}",0.756,92.74,26.2,10,0,78,48,75,45,77,0.0222,6
ROAD_013,2026-04-01T00:00:00,78,39,48,Medium,5,"{""D00"": 1, ""D10"": 1, ""D20"": 3, ""D40"": 0}",0.6974,81.67,67.1,5,0,,,,75,76,-0.0267,7
ROAD_014,2025-01-08T00:00:00,96,22,18,Routine,1,"{""D00"": 1, ""D10"": 0, ""D20"": 0, ""D40"": 0}",0.5874,58.74,36.5,1,0,95,24,65,0,96,0.0,0
ROAD_014,2025-03-14T00:00:00,95,34,24,Routine,1,"{""D00"": 0, ""D10"": 1, ""D20"": 0, ""D40"": 0}",0.8638,86.38,49.6,1,0,91,28,84,65,96,0.0154,1
ROAD_014,2025-06-06T00:00:00,91,29,28,Routine,2,"{""D00"": 1, ""D10"": 1, ""D20"": 0, ""D40"": 0}",0.7414,91.97,75.0,2,0,87,35,50,84,95,0.0476,2
ROAD_014,2025-07-26T00:00:00,87,30,35,Routine,3,"{""D00"": 0, ""D10"": 3, ""D20"": 0, ""D40"": 0}",0.6894,77.56,26.3,3,0,78,47,34,50,91,0.08,3
ROAD_014,2025-08-29T00:00:00,78,36,47,Medium,5,"{""D00"": 0, ""D10"": 4, ""D20"": 1, ""D40"": 0}",0.7753,86.92,76.0,5,0,83,46,58,34,87,0.2647,4
ROAD_014,2025-10-26T00:00:00,83,39,46,Medium,4,"{""D00"": 1, ""D10"": 0, ""D20"": 3, ""D40"": 0}",0.7195,77.28,36.7,4,0,78,49,38,58,78,-0.0862,5
ROAD_014,2025-12-03T00:00:00,78,41,49,Medium,6,"{""D00"": 0, ""D10"": 5, ""D20"": 0, ""D40"": 1}",0.7584,92.89,58.6,6,0,76,58,61,38,83,0.1316,6
ROAD_014,2026-02-02T00:00:00,76,57,58,Medium,10,"{""D00"": 1, ""D10"": 3, ""D20"": 3, ""D40"": 3}",0.755,93.12,45.7,10,0,,,,61,78,0.0328,7
ROAD_015,2025-01-15T00:00:00,100,0,0,Routine,0,"{""D00"": 0, ""D10"": 0, ""D20"": 0, ""D40"": 0}",0.0,0.0,0.0,0,0,96,19,67,0,100,0.0,0
ROAD_015,2025-03-23T00:00:00,96,25,19,Routine,1,"{""D00"": 1, ""D10"": 0, ""D20"": 0, ""D40"": 0}",0.7164,71.64,77.3,1,0,96,19,37,67,100,0.0597,1
ROAD_015,2025-04-29T00:00:00,96,25,19,Routine,1,"{""D00"": 1, ""D10"": 0, ""D20"": 0, ""D40"": 0}",0.7432,74.32,43.3,1,0,79,44,58,37,96,0.0,2
ROAD_015,2025-06-26T00:00:00,79,31,44,Medium,5,"{""D00"": 2, ""D10"": 3, ""D20"": 0, ""D40"": 0}",0.7585,88.97,59.3,5,0,91,28,43,58,96,0.2931,3
ROAD_015,2025-08-08T00:00:00,91,28,28,Routine,2,"{""D00"": 1, ""D10"": 1, ""D20"": 0, ""D40"": 0}",0.7088,78.88,52.8,2,0,82,50,67,43,79,-0.2791,4
ROAD_015,2025-10-14T00:00:00,82,45,50,Medium,4,"{""D00"": 0, ""D10"": 1, ""D20"": 2, ""D40"": 1}",0.7341,78.86,74.3,4,0,78,48,89,67,91,0.1343,5
ROAD_015,2026-01-11T00:00:00,78,39,48,Medium,8,"{""D00"": 2, ""D10"": 3, ""D20"": 3, ""D40"": 0}",0.7336,88.68,68.1,8,0,75,58,78,89,82,0.0449,6
ROAD_015,2026-03-30T00:00:00,75,57,58,Medium,10,"{""D00"": 1, ""D10"": 1, ""D20"": 4, ""D40"": 4}",0.7914,93.51,62.5,10,0,,,,78,78,0.0385,7
ROAD_016,2025-01-01T00:00:00,95,35,24,Routine,1,"{""D00"": 0, ""D10"": 1, ""D20"": 0, ""D40"": 0}",0.89,89.0,65.7,1,0,92,30,55,0,95,0.0,0
ROAD_016,2025-02-25T00:00:00,92,33,30,Routine,2,"{""D00"": 0, ""D10"": 1, ""D20"": 1, ""D40"": 0}",0.6268,68.51,53.8,2,0,92,33,83,55,95,0.0545,1
ROAD_016,2025-05-19T00:00:00,92,39,33,Routine,2,"{""D00"": 0, ""D10"": 1, ""D20"": 1, ""D40"": 0}",0.9233,94.67,71.4,2,0,83,45,35,83,92,0.0,2
ROAD_016,2025-06-23T00:00:00,83,36,45,Medium,4,"{""D00"": 2, ""D10"": 0, ""D20"": 2, ""D40"": 0}",0.7724,94.53,39.6,4,0,88,34,38,35,92,0.2571,3
ROAD_016,2025-07-31T00:00:00,88,29,34,Routine,3,"{""D00"": 2, ""D10"": 1, ""D20"": 0, ""D40"": 0}",0.8219,90.24,20.6,3,0,78,54,56,38,83,-0.1316,4
ROAD_016,2025-09-25T00:00:00,78,51,54,Medium,7,"{""D00"": 1, ""D10"": 1, ""D20"": 3, ""D40"": 2}",0.7573,92.36,19.2,7,0,78,50,85,56,88,0.1786,5
ROAD_016,2025-12-19T00:00:00,78,43,50,Medium,7,"{""D00"": 2, ""D10"": 1, ""D20"": 3, ""D40"": 1}",0.6933,79.35,31.7,7,0,79,46,77,85,78,0.0,6
ROAD_016,2026-03-06T00:00:00,79,35,46,Medium,5,"{""D00"": 1, ""D10"": 3, ""D20"": 1, ""D40"": 0}",0.7652,89.37,21.7,5,0,,,,77,78,-0.013,7
ROAD_017,2025-01-08T00:00:00,100,0,0,Routine,0,"{""D00"": 0, ""D10"": 0, ""D20"": 0, ""D40"": 0}",0.0,0.0,0.0,0,0,96,18,30,0,100,0.0,0
ROAD_017,2025-02-07T00:00:00,96,23,18,Routine,1,"{""D00"": 1, ""D10"": 0, ""D20"": 0, ""D40"": 0}",0.6216,62.160000000000004,77.2,1,0,92,26,32,30,100,0.1333,1
ROAD_017,2025-03-11T00:00:00,92,26,26,Routine,2,"{""D00"": 2, ""D10"": 0, ""D20"": 0, ""D40"": 0}",0.7598,88.03999999999999,46.1,2,0,96,23,32,32,96,0.125,2
ROAD_017,2025-04-12T00:00:00,96,32,23,Routine,1,"{""D00"": 0, ""D10"": 1, ""D20"": 0, ""D40"": 0}",0.7712,77.12,10.6,1,0,91,30,42,32,92,-0.125,3
ROAD_017,2025-05-24T00:00:00,91,32,30,Routine,2,"{""D00"": 0, ""D10"": 2, ""D20"": 0, ""D40"": 0}",0.7744,93.87,75.3,2,0,92,30,31,42,96,0.119,4
ROAD_017,2025-06-24T00:00:00,92,33,30,Routine,2,"{""D00"": 0, ""D10"": 2, ""D20"": 0, ""D40"": 0}",0.8218,94.32000000000001,39.4,2,0,96,22,33,31,91,-0.0323,5
ROAD_017,2025-07-27T00:00:00,96,31,22,Routine,1,"{""D00"": 0, ""D10"": 1, ""D20"": 0, ""D40"": 0}",0.7152,71.52,72.7,1,0,92,28,59,33,92,-0.1212,6
ROAD_017,2025-09-24T00:00:00,92,29,28,Routine,2,"{""D00"": 0, ""D10"": 2, ""D20"": 0, ""D40"": 0}",0.6233,66.67,69.6,2,0,,,,59,96,0.0678,7
ROAD_018,2025-01-09T00:00:00,96,23,18,Routine,1,"{""D00"": 1, ""D10"": 0, ""D20"": 0, ""D40"": 0}",0.6122,61.22,21.5,1,0,96,22,59,0,96,0.0,0
ROAD_018,2025-03-09T00:00:00,96,30,22,Routine,1,"{""D00"": 0, ""D10"": 1, ""D20"": 0, ""D40"": 0}",0.656,65.60000000000001,18.4,1,0,83,42,40,59,96,0.0,1
ROAD_018,2025-04-18T00:00:00,83,30,42,Medium,4,"{""D00"": 2, ""D10"": 1, ""D20"": 1, ""D40"": 0}",0.6946,82.09,14.3,4,0,87,36,79,40,96,0.325,2
ROAD_018,2025-07-06T00:00:00,87,31,36,Routine,3,"{""D00"": 1, ""D10"": 1, ""D20"": 1, ""D40"": 0}",0.6872,91.10000000000001,42.3,3,0,77,54,40,79,83,-0.0506,3
ROAD_018,2025-08-15T00:00:00,77,49,54,Medium,7,"{""D00"": 3, ""D10"": 0, ""D20"": 2, ""D40"": 2}",0.7125,86.79,51.8,7,0,75,57,31,40,87,0.25,4
ROAD_018,2025-09-15T00:00:00,75,54,57,Medium,10,"{""D00"": 0, ""D10"": 3, ""D20"": 4, ""D40"": 3}",0.7631,94.98,36.2,10,0,77,58,90,31,77,0.0645,5
ROAD_018,2025-12-14T00:00:00,77,57,58,Medium,8,"{""D00"": 2, ""D10"": 2, ""D20"": 1, ""D40"": 3}",0.8178,92.95,28.6,8,0,78,47,45,90,75,-0.0222,6
ROAD_018,2026-01-28T00:00:00,78,37,47,Medium,6,"{""D00"": 2, ""D10"": 2, ""D20"": 2, ""D40"": 0}",0.7358,90.73,59.3,6,0,,,,45,77,-0.0222,7
ROAD_019,2025-01-04T00:00:00,92,25,26,Routine,2,"{""D00"": 2, ""D10"": 0, ""D20"": 0, ""D40"": 0}",0.7174,77.86999999999999,68.8,2,0,96,20,39,0,92,0.0,0
ROAD_019,2025-02-12T00:00:00,96,26,20,Routine,1,"{""D00"": 1, ""D10"": 0, ""D20"": 0, ""D40"": 0}",0.7421,74.21,16.8,1,0,91,33,43,39,92,-0.1026,1
ROAD_019,2025-03-27T00:00:00,91,39,33,Routine,2,"{""D00"": 0, ""D10"": 0, ""D20"": 2, ""D40"": 0}",0.7217,73.83999999999999,36.0,2,0,79,44,54,43,96,0.1163,2
ROAD_019,2025-05-20T00:00:00,79,32,44,Medium,5,"{""D00"": 3, ""D10"": 1, ""D20"": 1, ""D40"": 0}",0.7541,88.48,73.0,5,0,88,36,81,54,91,0.2222,3
ROAD_019,2025-08-09T00:00:00,88,32,36,Routine,3,"{""D00"": 2, ""D10"": 0, ""D20"": 1, ""D40"": 0}",0.8425,94.89,37.8,3,0,77,55,50,81,79,-0.1111,4
ROAD_019,2025-09-28T00:00:00,77,52,55,Medium,5,"{""D00"": 0, ""D10"": 1, ""D20"": 2, ""D40"": 2}",0.7863,86.42999999999999,53.3,5,0,82,52,73,50,88,0.22,5
ROAD_019,2025-12-10T00:00:00,82,49,52,Medium,4,"{""D00"": 0, ""D10"": 2, ""D20"": 0, ""D40"": 2}",0.8176,93.97,23.2,4,0,79,45,43,73,77,-0.0685,6
ROAD_019,2026-01-22T00:00:00,79,34,45,Medium,7,"{""D00"": 3, ""D10"": 3, ""D20"": 1, ""D40"": 0}",0.7153,90.16999999999999,13.5,7,0,,,,43,82,0.0698,7
ROAD_020,2025-01-22T00:00:00,100,0,0,Routine,0,"{""D00"": 0, ""D10"": 0, ""D20"": 0, ""D40"": 0}",0.0,0.0,0.0,0,0,96,25,71,0,100,0.0,0
ROAD_020,2025-04-03T00:00:00,96,37,25,Routine,1,"{""D00"": 0, ""D10"": 0, ""D20"": 1, ""D40"": 0}",0.6193,61.92999999999999,66.1,1,0,83,41,44,71,100,0.0563,1
ROAD_020,2025-05-17T00:00:00,83,29,41,Medium,4,"{""D00"": 2, ""D10"": 2, ""D20"": 0, ""D40"": 0}",0.7067,80.89,79.2,4,0,78,53,70,44,96,0.2955,2
ROAD_020,2025-07-26T00:00:00,78,49,53,Medium,6,"{""D00"": 1, ""D10"": 2, ""D20"": 1, ""D40"": 2}",0.7821,88.63,28.1,6,0,79,53,81,70,83,0.0714,3
ROAD_020,2025-10-15T00:00:00,79,50,53,Medium,5,"{""D00"": 0, ""D10"": 1, ""D20"": 2, ""D40"": 2}",0.7252,89.83,20.6,5,0,78,51,42,81,78,-0.0123,4
ROAD_020,2025-11-26T00:00:00,78,44,51,Medium,8,"{""D00"": 1, ""D10"": 4, ""D20"": 2, ""D40"": 1}",0.6989,86.41,30.4,8,0,77,50,76,42,79,0.0238,5
ROAD_020,2026-02-10T00:00:00,77,42,50,Medium,8,"{""D00"": 3, ""D10"": 2, ""D20"": 3, ""D40"": 0}",0.7667,88.44,39.3,8,1,100,0,87,76,78,0.0132,6
ROAD_020,2026-05-08T00:00:00,100,0,0,Routine,0,"{""D00"": 0, ""D10"": 0, ""D20"": 0, ""D40"": 0}",0.0,0.0,0.0,0,0,,,,87,77,-0.2644,7
ROAD_021,2025-01-27T00:00:00,100,0,0,Routine,0,"{""D00"": 0, ""D10"": 0, ""D20"": 0, ""D40"": 0}",0.0,0.0,0.0,0,0,100,0,42,0,100,0.0,0
ROAD_021,2025-03-10T00:00:00,100,0,0,Routine,0,"{""D00"": 0, ""D10"": 0, ""D20"": 0, ""D40"": 0}",0.0,0.0,0.0,0,0,92,27,40,42,100,0.0,1
ROAD_021,2025-04-19T00:00:00,92,28,27,Routine,2,"{""D00"": 1, ""D10"": 1, ""D20"": 0, ""D40"": 0}",0.7425,92.97999999999999,64.6,2,0,96,26,34,40,100,0.2,2
ROAD_021,2025-05-23T00:00:00,96,39,26,Routine,1,"{""D00"": 0, ""D10"": 0, ""D20"": 1, ""D40"": 0}",0.7357,73.57000000000001,17.0,1,0,83,42,41,34,92,-0.1176,3
ROAD_021,2025-07-03T00:00:00,83,30,42,Medium,4,"{""D00"": 3, ""D10"": 0, ""D20"": 1, ""D40"": 0}",0.7166,89.05,37.0,4,0,77,56,84,41,96,0.3171,4
ROAD_021,2025-09-25T00:00:00,77,53,56,Medium,5,"{""D00"": 0, ""D10"": 1, ""D20"": 2, ""D40"": 2}",0.8136,94.26,70.8,5,0,76,50,63,84,83,0.0714,5
ROAD_021,2025-11-27T00:00:00,76,41,50,Medium,8,"{""D00"": 2, ""D10"": 2, ""D20"": 4, ""D40"": 0}",0.7204,93.81,38.2,8,0,82,48,32,63,77,0.0159,6
ROAD_021,2025-12-29T00:00:00,82,42,48,Medium,4,"{""D00"": 1, ""D10"": 2, ""D20"": 0, ""D40"": 1}",0.8545,88.77000000000001,77.5,4,0,,,,32,76,-0.1875,7
ROAD_022,2025-01-16T00:00:00,100,0,0,Routine,0,"{""D00"": 0, ""D10"": 0, ""D20"": 0, ""D40"": 0}",0.0,0.0,0.0,0,0,100,0,75,0,100,0.0,0
ROAD_022,2025-04-01T00:00:00,100,0,0,Routine,0,"{""D00"": 0, ""D10"": 0, ""D20"": 0, ""D40"": 0}",0.0,0.0,0.0,0,0,96,20,46,75,100,0.0,1
ROAD_022,2025-05-17T00:00:00,96,27,20,Routine,1,"{""D00"": 1, ""D10"": 0, ""D20"": 0, ""D40"": 0}",0.8367,83.67,17.5,1,0,95,25,56,46,100,0.087,2
ROAD_022,2025-07-12T00:00:00,95,36,25,Routine,1,"{""D00"": 0, ""D10"": 1, ""D20"": 0, ""D40"": 0}",0.9325,93.25,19.4,1,0,96,21,61,56,96,0.0179,3
ROAD_022,2025-09-11T00:00:00,96,28,21,Routine,1,"{""D00"": 1, ""D10"": 0, ""D20"": 0, ""D40"": 0}",0.8624,86.24000000000001,73.7,1,0,87,38,74,61,95,-0.0164,4
ROAD_022,2025-11-24T00:00:00,87,36,38,Routine,3,"{""D00"": 1, ""D10"": 1, ""D20"": 1, ""D40"": 0}",0.9033,94.17999999999999,62.4,3,0,83,43,49,74,96,0.1216,5
ROAD_022,2026-01-12T00:00:00,83,33,43,Medium,4,"{""D00"": 1, ""D10"": 3, ""D20"": 0, ""D40"": 0}",0.8338,94.01,59.7,4,0,83,43,73,49,87,0.0816,6
ROAD_022,2026-03-26T00:00:00,83,33,43,Medium,4,"{""D00"": 2, ""D10"": 1, ""D20"": 1, ""D40"": 0}",0.8127,94.34,62.0,4,0,,,,73,83,0.0,7
ROAD_023,2025-01-23T00:00:00,100,0,0,Routine,0,"{""D00"": 0, ""D10"": 0, ""D20"": 0, ""D40"": 0}",0.0,0.0,0.0,0,0,92,30,89,0,100,0.0,0
ROAD_023,2025-04-22T00:00:00,92,33,30,Routine,2,"{""D00"": 1, ""D10"": 0, ""D20"": 1, ""D40"": 0}",0.7723,84.75,51.2,2,0,88,33,77,89,100,0.0899,1
ROAD_023,2025-07-08T00:00:00,88,27,33,Routine,3,"{""D00"": 2, ""D10"": 1, ""D20"": 0, ""D40"": 0}",0.7596,93.5,59.7,3,0,82,47,39,77,92,0.0519,2
ROAD_023,2025-08-16T00:00:00,82,39,47,Medium,4,"{""D00"": 0, ""D10"": 1, ""D20"": 3, ""D40"": 0}",0.7143,75.82,25.3,4,0,77,54,78,39,88,0.1538,3
ROAD_023,2025-11-02T00:00:00,77,50,54,Medium,7,"{""D00"": 1, ""D10"": 1, ""D20"": 3, ""D40"": 2}",0.715,92.93,68.0,7,0,77,50,86,78,82,0.0641,4
ROAD_023,2026-01-27T00:00:00,77,41,50,Medium,10,"{""D00"": 3, ""D10"": 4, ""D20"": 3, ""D40"": 0}",0.7434,93.30000000000001,51.8,10,0,83,42,64,86,77,0.0,5
ROAD_023,2026-04-01T00:00:00,83,30,42,Medium,4,"{""D00"": 3, ""D10"": 1, ""D20"": 0, ""D40"": 0}",0.7916,89.05999999999999,44.1,4,0,77,55,51,64,77,-0.0938,6
ROAD_023,2026-05-22T00:00:00,77,52,55,Medium,9,"{""D00"": 1, ""D10"": 2, ""D20"": 4, ""D40"": 2}",0.7679,93.35,48.0,9,0,,,,51,83,0.1176,7
ROAD_024,2025-01-25T00:00:00,92,23,25,Routine,2,"{""D00"": 2, ""D10"": 0, ""D20"": 0, ""D40"": 0}",0.6508,69.55,21.1,2,0,96,23,66,0,92,0.0,0
ROAD_024,2025-04-01T00:00:00,96,33,23,Routine,1,"{""D00"": 0, ""D10"": 1, ""D20"": 0, ""D40"": 0}",0.8546,85.46000000000001,26.2,1,0,91,33,46,66,92,-0.0606,1
ROAD_024,2025-05-17T00:00:00,91,38,33,Routine,2,"{""D00"": 0, ""D10"": 1, ""D20"": 1, ""D40"": 0}",0.8743,91.72,46.5,2,0,82,50,83,46,96,0.1087,2
ROAD_024,2025-08-08T00:00:00,82,45,50,Medium,4,"{""D00"": 0, ""D10"": 1, ""D20"": 2, ""D40"": 1}",0.7796,93.91000000000001,15.4,4,0,78,50,71,83,91,0.1084,3
ROAD_024,2025-10-18T00:00:00,78,42,50,Medium,5,"{""D00"": 3, ""D10"": 0, ""D20"": 1, ""D40"": 1}",0.7434,93.33,52.0,5,0,76,54,66,71,82,0.0563,4
ROAD_024,2025-12-23T00:00:00,76,48,54,Medium,9,"{""D00"": 0, ""D10"": 3, ""D20"": 4, ""D40"": 2}",0.6871,79.25999999999999,66.2,9,0,78,48,80,66,78,0.0303,5
ROAD_024,2026-03-13T00:00:00,78,38,48,Medium,6,"{""D00"": 2, ""D10"": 2, ""D20"": 2, ""D40"": 0}",0.7578,86.35000000000001,43.8,6,0,77,54,53,80,76,-0.025,6
ROAD_024,2026-05-05T00:00:00,77,50,54,Medium,7,"{""D00"": 1, ""D10"": 2, ""D20"": 2, ""D40"": 2}",0.7193,92.03,24.1,7,0,,,,53,78,0.0189,7
ROAD_025,2025-01-17T00:00:00,100,0,0,Routine,0,"{""D00"": 0, ""D10"": 0, ""D20"": 0, ""D40"": 0}",0.0,0.0,0.0,0,0,100,0,44,0,100,0.0,0
ROAD_025,2025-03-02T00:00:00,100,0,0,Routine,0,"{""D00"": 0, ""D10"": 0, ""D20"": 0, ""D40"": 0}",0.0,0.0,0.0,0,0,96,23,53,44,100,0.0,1
ROAD_025,2025-04-24T00:00:00,96,33,23,Routine,1,"{""D00"": 0, ""D10"": 1, ""D20"": 0, ""D40"": 0}",0.8179,81.78999999999999,38.4,1,0,95,22,42,53,100,0.0755,2
ROAD_025,2025-06-05T00:00:00,95,31,22,Routine,1,"{""D00"": 0, ""D10"": 1, ""D20"": 0, ""D40"": 0}",0.6892,68.92,77.4,1,0,96,21,47,42,96,0.0238,3
ROAD_025,2025-07-22T00:00:00,96,29,21,Routine,1,"{""D00"": 0, ""D10"": 1, ""D20"": 0, ""D40"": 0}",0.62,62.0,45.4,1,0,82,45,65,47,95,-0.0213,4
ROAD_025,2025-09-25T00:00:00,82,35,45,Medium,4,"{""D00"": 1, ""D10"": 3, ""D20"": 0, ""D40"": 0}",0.8734,89.48,25.4,4,0,83,44,74,65,96,0.2154,5
ROAD_025,2025-12-08T00:00:00,83,34,44,Medium,4,"{""D00"": 2, ""D10"": 1, ""D20"": 1, ""D40"": 0}",0.7906,90.77,71.1,4,0,87,40,43,74,82,-0.0135,6
ROAD_025,2026-01-20T00:00:00,87,40,40,Medium,3,"{""D00"": 0, ""D10"": 1, ""D20"": 2, ""D40"": 0}",0.9202,93.32000000000001,71.7,3,0,,,,43,83,-0.093,7
ROAD_026,2025-01-09T00:00:00,100,0,0,Routine,0,"{""D00"": 0, ""D10"": 0, ""D20"": 0, ""D40"": 0}",0.0,0.0,0.0,0,0,96,19,78,0,100,0.0,0
ROAD_026,2025-03-28T00:00:00,96,25,19,Routine,1,"{""D00"": 1, ""D10"": 0, ""D20"": 0, ""D40"": 0}",0.751,75.1,37.6,1,0,79,44,73,78,100,0.0513,1
ROAD_026,2025-06-09T00:00:00,79,31,44,Medium,5,"{""D00"": 3, ""D10"": 1, ""D20"": 1, ""D40"": 0}",0.7445,93.34,19.2,5,0,91,37,66,73,96,0.2329,2
ROAD_026,2025-08-14T00:00:00,91,46,37,Routine,2,"{""D00"": 0, ""D10"": 0, ""D20"": 1, ""D40"": 1}",0.6735,71.86,19.4,2,0,76,55,87,66,79,-0.1818,3
ROAD_026,2025-11-09T00:00:00,76,51,55,Medium,8,"{""D00"": 1, ""D10"": 1, ""D20"": 4, ""D40"": 2}",0.7246,80.97,50.0,8,0,83,43,84,87,91,0.1724,4
ROAD_026,2026-02-01T00:00:00,83,33,43,Medium,4,"{""D00"": 2, ""D10"": 1, ""D20"": 1, ""D40"": 0}",0.7604,89.17,37.8,4,1,100,0,36,84,76,-0.0833,5
ROAD_026,2026-03-09T00:00:00,100,0,0,Routine,0,"{""D00"": 0, ""D10"": 0, ""D20"": 0, ""D40"": 0}",0.0,0.0,0.0,0,0,100,0,31,36,83,-0.4722,6
ROAD_026,2026-04-09T00:00:00,100,0,0,Routine,0,"{""D00"": 0, ""D10"": 0, ""D20"": 0, ""D40"": 0}",0.0,0.0,0.0,0,0,,,,31,100,0.0,7
ROAD_027,2025-01-13T00:00:00,100,0,0,Routine,0,"{""D00"": 0, ""D10"": 0, ""D20"": 0, ""D40"": 0}",0.0,0.0,0.0,0,0,100,0,45,0,100,0.0,0
ROAD_027,2025-02-27T00:00:00,100,0,0,Routine,0,"{""D00"": 0, ""D10"": 0, ""D20"": 0, ""D40"": 0}",0.0,0.0,0.0,0,0,96,22,38,45,100,0.0,1
ROAD_027,2025-04-06T00:00:00,96,30,22,Routine,1,"{""D00"": 1, ""D10"": 0, ""D20"": 0, ""D40"": 0}",0.94,94.0,47.8,1,0,95,23,47,38,100,0.1053,2
ROAD_027,2025-05-23T00:00:00,95,32,23,Routine,1,"{""D00"": 0, ""D10"": 1, ""D20"": 0, ""D40"": 0}",0.7326,73.26,62.4,1,0,92,28,86,47,96,0.0213,3
ROAD_027,2025-08-17T00:00:00,92,30,28,Routine,2,"{""D00"": 1, ""D10"": 0, ""D20"": 1, ""D40"": 0}",0.6383,72.67,67.1,2,0,83,42,84,86,95,0.0349,4
ROAD_027,2025-11-09T00:00:00,83,30,42,Medium,4,"{""D00"": 1, ""D10"": 3, ""D20"": 0, ""D40"": 0}",0.659,76.92999999999999,53.8,4,0,83,42,63,84,92,0.1071,5
ROAD_027,2026-01-11T00:00:00,83,31,42,Medium,4,"{""D00"": 3, ""D10"": 0, ""D20"": 1, ""D40"": 0}",0.7393,89.14,60.1,4,1,100,0,76,63,83,0.0,6
ROAD_027,2026-03-28T00:00:00,100,0,0,Routine,0,"{""D00"": 0, ""D10"": 0, ""D20"": 0, ""D40"": 0}",0.0,0.0,0.0,0,0,,,,76,83,-0.2237,7
ROAD_028,2025-01-15T00:00:00,100,0,0,Routine,0,"{""D00"": 0, ""D10"": 0, ""D20"": 0, ""D40"": 0}",0.0,0.0,0.0,0,0,96,23,32,0,100,0.0,0
ROAD_028,2025-02-16T00:00:00,96,32,23,Routine,1,"{""D00"": 0, ""D10"": 1, ""D20"": 0, ""D40"": 0}",0.7673,76.73,22.7,1,0,92,28,87,32,100,0.125,1
ROAD_028,2025-05-14T00:00:00,92,30,28,Routine,2,"{""D00"": 1, ""D10"": 1, ""D20"": 0, ""D40"": 0}",0.8085,85.85000000000001,78.7,2,0,83,43,60,87,96,0.046,2
ROAD_028,2025-07-13T00:00:00,83,32,43,Medium,4,"{""D00"": 3, ""D10"": 0, ""D20"": 1, ""D40"": 0}",0.7998,89.55,10.6,4,0,80,44,32,60,92,0.15,3
ROAD_028,2025-08-14T00:00:00,80,32,44,Medium,5,"{""D00"": 3, ""D10"": 1, ""D20"": 1, ""D40"": 0}",0.7214,83.27,49.1,5,0,87,40,64,32,83,0.0938,4
ROAD_028,2025-10-17T00:00:00,87,39,40,Medium,3,"{""D00"": 0, ""D10"": 1, ""D20"": 1, ""D40"": 1}",0.6075,66.01,54.7,3,0,83,47,54,64,80,-0.1094,5
ROAD_028,2025-12-10T00:00:00,83,40,47,Medium,4,"{""D00"": 0, ""D10"": 1, ""D20"": 3, ""D40"": 0}",0.7358,83.84,75.6,4,0,78,49,41,54,87,0.0741,6
ROAD_028,2026-01-20T00:00:00,78,41,49,Medium,5,"{""D00"": 1, ""D10"": 2, ""D20"": 1, ""D40"": 1}",0.7113,80.67,12.8,5,0,,,,41,83,0.122,7
ROAD_029,2025-01-04T00:00:00,100,0,0,Routine,0,"{""D00"": 0, ""D10"": 0, ""D20"": 0, ""D40"": 0}",0.0,0.0,0.0,0,0,96,20,64,0,100,0.0,0
ROAD_029,2025-03-09T00:00:00,96,26,20,Routine,1,"{""D00"": 1, ""D10"": 0, ""D20"": 0, ""D40"": 0}",0.7734,77.34,49.1,1,0,92,27,77,64,100,0.0625,1
ROAD_029,2025-05-25T00:00:00,92,28,27,Routine,2,"{""D00"": 2, ""D10"": 0, ""D20"": 0, ""D40"": 0}",0.8467,92.34,73.2,2,0,91,32,65,77,96,0.0519,2
ROAD_029,2025-07-29T00:00:00,91,36,32,Routine,2,"{""D00"": 0, ""D10"": 1, ""D20"": 1, ""D40"": 0}",0.7437,79.34,41.7,2,0,96,24,55,65,92,0.0154,3
ROAD_029,2025-09-22T00:00:00,96,35,24,Routine,1,"{""D00"": 0, ""D10"": 0, ""D20"": 1, ""D40"": 0}",0.5526,55.26,78.9,1,0,91,29,43,55,91,-0.0909,4
ROAD_029,2025-11-04T00:00:00,91,31,29,Routine,2,"{""D00"": 0, ""D10"": 2, ""D20"": 0, ""D40"": 0}",0.6954,77.83,28.5,2,0,87,35,86,43,96,0.1163,5
ROAD_029,2026-01-29T00:00:00,87,29,35,Routine,3,"{""D00"": 2, ""D10"": 0, ""D20"": 1, ""D40"": 0}",0.6539,77.75999999999999,66.6,3,0,91,31,54,86,91,0.0465,6
ROAD_029,2026-03-24T00:00:00,91,35,31,Routine,2,"{""D00"": 1, ""D10"": 0, ""D20"": 1, ""D40"": 0}",0.8629,92.21000000000001,54.3,2,0,,,,54,87,-0.0741,7
ROAD_030,2025-01-17T00:00:00,96,26,20,Routine,1,"{""D00"": 1, ""D10"": 0, ""D20"": 0, ""D40"": 0}",0.7519,75.19,25.5,1,0,96,20,48,0,96,0.0,0
ROAD_030,2025-03-06T00:00:00,96,26,20,Routine,1,"{""D00"": 1, ""D10"": 0, ""D20"": 0, ""D40"": 0}",0.7693,76.92999999999999,28.4,1,0,96,22,55,48,96,0.0,1
ROAD_030,2025-04-30T00:00:00,96,31,22,Routine,1,"{""D00"": 0, ""D10"": 1, ""D20"": 0, ""D40"": 0}",0.7081,70.81,50.0,1,0,87,34,65,55,96,0.0,2
ROAD_030,2025-07-04T00:00:00,87,28,34,Routine,3,"{""D00"": 1, ""D10"": 2, ""D20"": 0, ""D40"": 0}",0.6869,79.65,79.3,3,0,79,47,58,65,96,0.1385,3
ROAD_030,2025-08-31T00:00:00,79,38,47,Medium,5,"{""D00"": 1, ""D10"": 2, ""D20"": 2, ""D40"": 0}",0.7856,92.96,19.9,5,0,79,43,74,58,87,0.1379,4
ROAD_030,2025-11-13T00:00:00,79,29,43,Medium,5,"{""D00"": 4, ""D10"": 1, ""D20"": 0, ""D40"": 0}",0.7847,94.06,23.9,5,0,92,26,59,74,79,0.0,5
ROAD_030,2026-01-11T00:00:00,92,26,26,Routine,2,"{""D00"": 2, ""D10"": 0, ""D20"": 0, ""D40"": 0}",0.7538,80.01,26.5,2,0,91,31,62,59,79,-0.2203,6
ROAD_030,2026-03-14T00:00:00,91,35,31,Routine,2,"{""D00"": 0, ""D10"": 1, ""D20"": 1, ""D40"": 0}",0.7411,84.2,46.5,2,0,,,,62,92,0.0161,7
ROAD_031,2025-01-05T00:00:00,92,26,26,Routine,2,"{""D00"": 1, ""D10"": 1, ""D20"": 0, ""D40"": 0}",0.6532,67.36,59.4,2,0,92,28,63,0,92,0.0,0
ROAD_031,2025-03-09T00:00:00,92,29,28,Routine,2,"{""D00"": 1, ""D10"": 1, ""D20"": 0, ""D40"": 0}",0.7589,84.08,63.6,2,0,79,42,86,63,92,0.0,1
ROAD_031,2025-06-03T00:00:00,79,28,42,Medium,5,"{""D00"": 4, ""D10"": 0, ""D20"": 1, ""D40"": 0}",0.6225,64.24,38.6,5,0,78,48,30,86,92,0.1512,2
ROAD_031,2025-07-03T00:00:00,78,38,48,Medium,5,"{""D00"": 1, ""D10"": 2, ""D20"": 2, ""D40"": 0}",0.8,92.08,61.5,5,0,92,27,65,30,79,0.0333,3
ROAD_031,2025-09-06T00:00:00,92,28,27,Routine,2,"{""D00"": 1, ""D10"": 1, ""D20"": 0, ""D40"": 0}",0.7349,73.54,55.2,2,0,92,25,35,65,78,-0.2154,4
ROAD_031,2025-10-11T00:00:00,92,23,25,Routine,2,"{""D00"": 2, ""D10"": 0, ""D20"": 0, ""D40"": 0}",0.6327,67.94,32.7,2,0,78,47,71,35,92,0.0,5
ROAD_031,2025-12-21T00:00:00,78,37,47,Medium,10,"{""D00"": 5, ""D10"": 3, ""D20"": 2, ""D40"": 0}",0.7919,92.99,34.4,10,0,75,53,39,71,92,0.1972,6
ROAD_031,2026-01-29T00:00:00,75,46,53,Medium,9,"{""D00"": 2, ""D10"": 0, ""D20"": 6, ""D40"": 1}",0.7231,87.81,61.0,9,0,,,,39,78,0.0769,7
ROAD_032,2025-01-07T00:00:00,100,0,0,Routine,0,"{""D00"": 0, ""D10"": 0, ""D20"": 0, ""D40"": 0}",0.0,0.0,0.0,0,0,100,0,31,0,100,0.0,0
ROAD_032,2025-02-07T00:00:00,100,0,0,Routine,0,"{""D00"": 0, ""D10"": 0, ""D20"": 0, ""D40"": 0}",0.0,0.0,0.0,0,0,92,25,77,31,100,0.0,1
ROAD_032,2025-04-25T00:00:00,92,24,25,Routine,2,"{""D00"": 2, ""D10"": 0, ""D20"": 0, ""D40"": 0}",0.6525,67.01,48.5,2,0,83,43,79,77,100,0.1039,2
ROAD_032,2025-07-13T00:00:00,83,33,43,Medium,4,"{""D00"": 2, ""D10"": 1, ""D20"": 1, ""D40"": 0}",0.7978,88.35,32.1,4,1,100,0,64,79,92,0.1139,3
ROAD_032,2025-09-15T00:00:00,100,0,0,Routine,0,"{""D00"": 0, ""D10"": 0, ""D20"": 0, ""D40"": 0}",0.0,0.0,0.0,0,0,92,26,88,64,83,-0.2656,4
ROAD_032,2025-12-12T00:00:00,92,26,26,Routine,2,"{""D00"": 2, ""D10"": 0, ""D20"": 0, ""D40"": 0}",0.7842,94.34,18.2,2,0,92,28,80,88,100,0.0909,5
ROAD_032,2026-03-02T00:00:00,92,29,28,Routine,2,"{""D00"": 1, ""D10"": 1, ""D20"": 0, ""D40"": 0}",0.7604,90.08,36.2,2,0,92,31,32,80,92,0.0,6
ROAD_032,2026-04-03T00:00:00,92,35,31,Routine,2,"{""D00"": 0, ""D10"": 1, ""D20"": 1, ""D40"": 0}",0.7419,85.78,16.9,2,0,,,,32,92,0.0,7
ROAD_033,2025-01-13T00:00:00,96,24,19,Routine,1,"{""D00"": 1, ""D10"": 0, ""D20"": 0, ""D40"": 0}",0.6833,68.33,72.2,1,0,92,25,36,0,96,0.0,0
ROAD_033,2025-02-18T00:00:00,92,23,25,Routine,2,"{""D00"": 2, ""D10"": 0, ""D20"": 0, ""D40"": 0}",0.6446,65.91,21.0,2,0,96,18,37,36,96,0.1111,1
ROAD_033,2025-03-27T00:00:00,96,23,18,Routine,1,"{""D00"": 1, ""D10"": 0, ""D20"": 0, ""D40"": 0}",0.6066,60.660000000000004,59.3,1,0,88,32,48,37,92,-0.1081,2
ROAD_033,2025-05-14T00:00:00,88,25,32,Routine,3,"{""D00"": 2, ""D10"": 1, ""D20"": 0, ""D40"": 0}",0.6231,68.28999999999999,23.9,3,0,91,42,78,48,96,0.1667,3
ROAD_033,2025-07-31T00:00:00,91,57,42,Medium,2,"{""D00"": 0, ""D10"": 0, ""D20"": 0, ""D40"": 2}",0.8495,87.51,59.7,2,0,79,48,59,78,88,-0.0385,4
ROAD_033,2025-09-28T00:00:00,79,40,48,Medium,5,"{""D00"": 2, ""D10"": 0, ""D20"": 3, ""D40"": 0}",0.8014,87.7,47.3,5,0,78,51,55,59,91,0.2034,5
ROAD_033,2025-11-22T00:00:00,78,44,51,Medium,5,"{""D00"": 0, ""D10"": 2, ""D20"": 2, ""D40"": 1}",0.6838,85.85000000000001,36.5,5,0,83,48,61,55,79,0.0182,6
ROAD_033,2026-01-22T00:00:00,83,43,48,Medium,4,"{""D00"": 1, ""D10"": 1, ""D20"": 1, ""D40"": 1}",0.8025,85.28,52.8,4,0,,,,61,78,-0.082,7
ROAD_034,2025-01-18T00:00:00,96,28,21,Routine,1,"{""D00"": 1, ""D10"": 0, ""D20"": 0, ""D40"": 0}",0.8963,89.63,26.5,1,0,91,28,74,0,96,0.0,0
ROAD_034,2025-04-02T00:00:00,91,29,28,Routine,2,"{""D00"": 1, ""D10"": 1, ""D20"": 0, ""D40"": 0}",0.7609,88.73,35.2,2,0,96,20,56,74,96,0.0676,1
ROAD_034,2025-05-28T00:00:00,96,27,20,Routine,1,"{""D00"": 1, ""D10"": 0, ""D20"": 0, ""D40"": 0}",0.8385,83.85000000000001,44.1,1,0,96,20,57,56,91,-0.0893,2
ROAD_034,2025-07-24T00:00:00,96,27,20,Routine,1,"{""D00"": 1, ""D10"": 0, ""D20"": 0, ""D40"": 0}",0.7993,79.93,41.8,1,0,79,44,57,57,96,0.0,3
ROAD_034,2025-09-19T00:00:00,79,31,44,Medium,5,"{""D00"": 2, ""D10"": 3, ""D20"": 0, ""D40"": 0}",0.7224,84.21,52.7,5,0,91,28,45,57,96,0.2982,4
ROAD_034,2025-11-03T00:00:00,91,29,28,Routine,2,"{""D00"": 1, ""D10"": 1, ""D20"": 0, ""D40"": 0}",0.7418,91.24,50.2,2,0,83,40,51,45,79,-0.2667,5
ROAD_034,2025-12-24T00:00:00,83,27,40,Medium,4,"{""D00"": 3, ""D10"": 1, ""D20"": 0, ""D40"": 0}",0.6815,84.08,29.7,4,0,91,33,84,51,91,0.1569,6
ROAD_034,2026-03-18T00:00:00,91,38,33,Routine,2,"{""D00"": 0, ""D10"": 1, ""D20"": 1, ""D40"": 0}",0.884,89.48,34.0,2,0,,,,84,83,-0.0952,7
ROAD_035,2025-01-25T00:00:00,96,30,22,Routine,1,"{""D00"": 0, ""D10"": 1, ""D20"": 0, ""D40"": 0}",0.6169,61.69,50.4,1,0,92,27,83,0,96,0.0,0
ROAD_035,2025-04-18T00:00:00,92,28,27,Routine,2,"{""D00"": 1, ""D10"": 1, ""D20"": 0, ""D40"": 0}",0.7247,73.98,20.2,2,0,83,44,85,83,96,0.0482,1
ROAD_035,2025-07-12T00:00:00,83,34,44,Medium,4,"{""D00"": 2, ""D10"": 1, ""D20"": 1, ""D40"": 0}",0.8366,87.09,46.4,4,0,79,47,73,85,92,0.1059,2
ROAD_035,2025-09-23T00:00:00,79,37,47,Medium,5,"{""D00"": 2, ""D10"": 2, ""D20"": 0, ""D40"": 1}",0.6778,83.32000000000001,77.7,5,1,100,0,87,73,83,0.0548,3
ROAD_035,2025-12-19T00:00:00,100,0,0,Routine,0,"{""D00"": 0, ""D10"": 0, ""D20"": 0, ""D40"": 0}",0.0,0.0,0.0,0,0,91,31,72,87,79,-0.2414,4
ROAD_035,2026-03-01T00:00:00,91,34,31,Routine,2,"{""D00"": 0, ""D10"": 1, ""D20"": 1, ""D40"": 0}",0.668,68.31,14.2,2,0,79,44,82,72,100,0.125,5
ROAD_035,2026-05-22T00:00:00,79,32,44,Medium,5,"{""D00"": 3, ""D10"": 1, ""D20"": 1, ""D40"": 0}",0.7231,81.11,33.1,5,0,79,48,55,82,91,0.1463,6
ROAD_035,2026-07-16T00:00:00,79,39,48,Medium,5,"{""D00"": 0, ""D10"": 3, ""D20"": 2, ""D40"": 0}",0.8343,94.88,77.7,5,0,,,,55,79,0.0,7
ROAD_036,2025-01-12T00:00:00,100,0,0,Routine,0,"{""D00"": 0, ""D10"": 0, ""D20"": 0, ""D40"": 0}",0.0,0.0,0.0,0,0,87,35,86,0,100,0.0,0
ROAD_036,2025-04-08T00:00:00,87,29,35,Routine,3,"{""D00"": 2, ""D10"": 0, ""D20"": 1, ""D40"": 0}",0.6939,76.36,65.1,3,0,87,36,32,86,100,0.1512,1
ROAD_036,2025-05-10T00:00:00,87,32,36,Routine,3,"{""D00"": 1, ""D10"": 1, ""D20"": 1, ""D40"": 0}",0.7379,84.64,54.3,3,0,77,55,87,32,87,0.0,2
ROAD_036,2025-08-05T00:00:00,77,51,55,Medium,10,"{""D00"": 2, ""D10"": 2, ""D20"": 4, ""D40"": 2}",0.7205,92.52,16.2,10,0,79,51,82,87,87,0.1149,3
ROAD_036,2025-10-26T00:00:00,79,45,51,Medium,6,"{""D00"": 2, ""D10"": 1, ""D20"": 2, ""D40"": 1}",0.7773,94.46,22.3,6,1,100,0,80,82,77,-0.0244,4
ROAD_036,2026-01-14T00:00:00,100,0,0,Routine,0,"{""D00"": 0, ""D10"": 0, ""D20"": 0, ""D40"": 0}",0.0,0.0,0.0,0,0,92,25,45,80,79,-0.2625,5
ROAD_036,2026-02-28T00:00:00,92,23,25,Routine,2,"{""D00"": 2, ""D10"": 0, ""D20"": 0, ""D40"": 0}",0.6102,64.11,51.0,2,0,96,18,33,45,100,0.1778,6
ROAD_036,2026-04-02T00:00:00,96,23,18,Routine,1,"{""D00"": 1, ""D10"": 0, ""D20"": 0, ""D40"": 0}",0.6046,60.46,60.4,1,0,,,,33,92,-0.1212,7
ROAD_037,2025-01-19T00:00:00,96,23,18,Routine,1,"{""D00"": 1, ""D10"": 0, ""D20"": 0, ""D40"": 0}",0.6185,61.85000000000001,34.1,1,0,96,21,86,0,96,0.0,0
ROAD_037,2025-04-15T00:00:00,96,28,21,Routine,1,"{""D00"": 0, ""D10"": 1, ""D20"": 0, ""D40"": 0}",0.5846,58.46,70.0,1,0,88,36,61,86,96,0.0,1
ROAD_037,2025-06-15T00:00:00,88,32,36,Routine,3,"{""D00"": 1, ""D10"": 2, ""D20"": 0, ""D40"": 0}",0.8978,94.21000000000001,12.8,3,0,92,27,60,61,96,0.1311,2
ROAD_037,2025-08-14T00:00:00,92,27,27,Routine,2,"{""D00"": 1, ""D10"": 1, ""D20"": 0, ""D40"": 0}",0.6756,74.81,30.7,2,0,91,28,71,60,88,-0.0667,3
ROAD_037,2025-10-24T00:00:00,91,28,28,Routine,2,"{""D00"": 1, ""D10"": 1, ""D20"": 0, ""D40"": 0}",0.7365,84.89,71.0,2,0,91,35,70,71,92,0.0141,4
ROAD_037,2026-01-02T00:00:00,91,43,35,Routine,2,"{""D00"": 0, ""D10"": 1, ""D20"": 0, ""D40"": 1}",0.6716,78.01,24.5,2,0,78,49,73,70,91,0.0,5
ROAD_037,2026-03-16T00:00:00,78,40,49,Medium,6,"{""D00"": 0, ""D10"": 3, ""D20"": 3, ""D40"": 0}",0.7879,94.25,45.1,6,1,100,0,83,73,91,0.1781,6
ROAD_037,2026-06-07T00:00:00,100,0,0,Routine,0,"{""D00"": 0, ""D10"": 0, ""D20"": 0, ""D40"": 0}",0.0,0.0,0.0,0,0,,,,83,78,-0.2651,7
ROAD_038,2025-01-23T00:00:00,96,28,21,Routine,1,"{""D00"": 0, ""D10"": 1, ""D20"": 0, ""D40"": 0}",0.5821,58.209999999999994,72.9,1,0,96,18,48,0,96,0.0,0
ROAD_038,2025-03-12T00:00:00,96,23,18,Routine,1,"{""D00"": 1, ""D10"": 0, ""D20"": 0, ""D40"": 0}",0.6102,61.019999999999996,24.3,1,0,92,28,90,48,96,0.0,1
ROAD_038,2025-06-10T00:00:00,92,29,28,Routine,2,"{""D00"": 0, ""D10"": 2, ""D20"": 0, ""D40"": 0}",0.6384,71.81,66.1,2,0,83,44,83,90,96,0.0444,2
ROAD_038,2025-09-01T00:00:00,83,34,44,Medium,4,"{""D00"": 1, ""D10"": 2, ""D20"": 1, ""D40"": 0}",0.723,74.45,21.6,4,0,83,40,89,83,92,0.1084,3
ROAD_038,2025-11-29T00:00:00,83,26,40,Medium,4,"{""D00"": 3, ""D10"": 1, ""D20"": 0, ""D40"": 0}",0.6773,76.35,18.5,4,0,79,48,31,89,83,0.0,4
ROAD_038,2025-12-30T00:00:00,79,40,48,Medium,5,"{""D00"": 0, ""D10"": 2, ""D20"": 3, ""D40"": 0}",0.7714,93.81,52.6,5,0,87,39,42,31,83,0.129,5
ROAD_038,2026-02-10T00:00:00,87,37,39,Routine,3,"{""D00"": 0, ""D10"": 1, ""D20"": 2, ""D40"": 0}",0.7402,76.53999999999999,60.1,3,0,78,52,57,42,79,-0.1905,6
ROAD_038,2026-04-08T00:00:00,78,46,52,Medium,6,"{""D00"": 2, ""D10"": 1, ""D20"": 2, ""D40"": 1}",0.7858,94.54,49.8,6,1,,,,57,87,0.1579,7
ROAD_039,2025-01-27T00:00:00,91,32,30,Routine,2,"{""D00"": 0, ""D10"": 2, ""D20"": 0, ""D40"": 0}",0.7618,88.37,43.1,2,0,91,29,71,0,91,0.0,0
ROAD_039,2025-04-08T00:00:00,91,30,29,Routine,2,"{""D00"": 0, ""D10"": 2, ""D20"": 0, ""D40"": 0}",0.6719,78.24,49.6,2,0,78,48,85,71,91,0.0,1
ROAD_039,2025-07-02T00:00:00,78,39,48,Medium,5,"{""D00"": 2, ""D10"": 0, ""D20"": 3, ""D40"": 0}",0.7588,90.13,51.9,5,0,82,50,40,85,91,0.1529,2
ROAD_039,2025-08-11T00:00:00,82,45,50,Medium,4,"{""D00"": 0, ""D10"": 1, ""D20"": 2, ""D40"": 1}",0.738,88.84,59.9,4,0,83,47,74,40,78,-0.1,3
ROAD_039,2025-10-24T00:00:00,83,40,47,Medium,4,"{""D00"": 1, ""D10"": 2, ""D20"": 0, ""D40"": 1}",0.7554,84.78,24.7,4,0,77,56,35,74,82,-0.0135,4
ROAD_039,2025-11-28T00:00:00,77,54,56,Medium,10,"{""D00"": 3, ""D10"": 1, ""D20"": 3, ""D40"": 3}",0.7331,93.57,25.9,10,0,78,52,37,35,83,0.1714,5
ROAD_039,2026-01-04T00:00:00,78,46,52,Medium,6,"{""D00"": 2, ""D10"": 1, ""D20"": 2, ""D40"": 1}",0.7789,94.39999999999999,16.0,6,0,77,50,39,37,77,-0.027,6
ROAD_039,2026-02-12T00:00:00,77,41,50,Medium,9,"{""D00"": 4, ""D10"": 2, ""D20"": 3, ""D40"": 0}",0.7406,85.72,65.5,9,0,,,,39,78,0.0256,7
ROAD_040,2025-01-26T00:00:00,96,25,19,Routine,1,"{""D00"": 1, ""D10"": 0, ""D20"": 0, ""D40"": 0}",0.73,73.0,69.7,1,0,96,19,58,0,96,0.0,0
ROAD_040,2025-03-25T00:00:00,96,25,19,Routine,1,"{""D00"": 1, ""D10"": 0, ""D20"": 0, ""D40"": 0}",0.7223,72.23,31.9,1,0,95,24,54,58,96,0.0,1
ROAD_040,2025-05-18T00:00:00,95,33,24,Routine,1,"{""D00"": 0, ""D10"": 1, ""D20"": 0, ""D40"": 0}",0.7789,77.89,43.3,1,0,92,28,84,54,96,0.0185,2
ROAD_040,2025-08-10T00:00:00,92,30,28,Routine,2,"{""D00"": 1, ""D10"": 1, ""D20"": 0, ""D40"": 0}",0.8034,82.06,19.0,2,0,91,31,53,84,95,0.0357,3
ROAD_040,2025-10-02T00:00:00,91,34,31,Routine,2,"{""D00"": 0, ""D10"": 1, ""D20"": 1, ""D40"": 0}",0.6685,68.81,55.4,2,0,77,49,67,53,92,0.0189,4
ROAD_040,2025-12-08T00:00:00,77,40,49,Medium,9,"{""D00"": 2, ""D10"": 5, ""D20"": 2, ""D40"": 0}",0.7691,93.78,43.3,9,0,82,50,43,67,91,0.209,5
ROAD_040,2026-01-20T00:00:00,82,45,50,Medium,4,"{""D00"": 0, ""D10"": 1, ""D20"": 2, ""D40"": 1}",0.765,83.13000000000001,54.7,4,0,78,54,81,43,77,-0.1163,6
ROAD_040,2026-04-11T00:00:00,78,50,54,Medium,10,"{""D00"": 1, ""D10"": 5, ""D20"": 2, ""D40"": 2}",0.7344,91.02,68.8,10,1,,,,81,82,0.0494,7
ROAD_041,2025-01-27T00:00:00,100,0,0,Routine,0,"{""D00"": 0, ""D10"": 0, ""D20"": 0, ""D40"": 0}",0.0,0.0,0.0,0,0,83,41,79,0,100,0.0,0
ROAD_041,2025-04-16T00:00:00,83,29,41,Medium,4,"{""D00"": 2, ""D10"": 2, ""D20"": 0, ""D40"": 0}",0.7062,85.92999999999999,39.7,4,0,82,53,73,79,100,0.2152,1
ROAD_041,2025-06-28T00:00:00,82,52,53,Medium,4,"{""D00"": 1, ""D10"": 0, ""D20"": 1, ""D40"": 2}",0.8188,89.68,70.0,4,1,96,21,54,73,83,0.0137,2
ROAD_041,2025-08-21T00:00:00,96,29,21,Routine,1,"{""D00"": 0, ""D10"": 1, ""D20"": 0, ""D40"": 0}",0.6342,63.42,72.3,1,0,91,35,88,54,82,-0.2593,3
ROAD_041,2025-11-17T00:00:00,91,42,35,Routine,2,"{""D00"": 0, ""D10"": 0, ""D20"": 2, ""D40"": 0}",0.8581,87.92999999999999,71.4,2,0,87,40,82,88,96,0.0568,4
ROAD_041,2026-02-07T00:00:00,87,40,40,Medium,3,"{""D00"": 1, ""D10"": 0, ""D20"": 1, ""D40"": 1}",0.7692,80.65,54.0,3,0,83,44,50,82,91,0.0488,5
ROAD_041,2026-03-29T00:00:00,83,35,44,Medium,4,"{""D00"": 2, ""D10"": 0, ""D20"": 2, ""D40"": 0}",0.797,92.92,74.6,4,0,78,55,71,50,87,0.08,6
ROAD_041,2026-06-08T00:00:00,78,52,55,Medium,5,"{""D00"": 0, ""D10"": 0, ""D20"": 2, ""D40"": 3}",0.6551,85.92999999999999,69.9,5,0,,,,71,83,0.0704,7
ROAD_042,2025-01-06T00:00:00,91,31,29,Routine,2,"{""D00"": 0, ""D10"": 2, ""D20"": 0, ""D40"": 0}",0.6907,79.71000000000001,42.8,2,0,79,43,85,0,91,0.0,0
ROAD_042,2025-04-01T00:00:00,79,30,43,Medium,5,"{""D00"": 3, ""D10"": 2, ""D20"": 0, ""D40"": 0}",0.7746,93.72,33.7,5,1,100,0,59,85,91,0.1412,1
ROAD_042,2025-05-30T00:00:00,100,0,0,Routine,0,"{""D00"": 0, ""D10"": 0, ""D20"": 0, ""D40"": 0}",0.0,0.0,0.0,0,0,92,27,39,59,79,-0.3559,2
ROAD_042,2025-07-08T00:00:00,92,27,27,Routine,2,"{""D00"": 2, ""D10"": 0, ""D20"": 0, ""D40"": 0}",0.7978,92.05,72.5,2,0,91,28,50,39,100,0.2051,3
ROAD_042,2025-08-27T00:00:00,91,28,28,Routine,2,"{""D00"": 1, ""D10"": 1, ""D20"": 0, ""D40"": 0}",0.7168,86.92999999999999,28.2,2,0,91,38,75,50,92,0.02,4
ROAD_042,2025-11-10T00:00:00,91,48,38,Routine,2,"{""D00"": 0, ""D10"": 0, ""D20"": 1, ""D40"": 1}",0.7725,94.55,16.6,2,0,77,50,85,75,91,0.0,5
ROAD_042,2026-02-03T00:00:00,77,41,50,Medium,10,"{""D00"": 4, ""D10"": 1, ""D20"": 5, ""D40"": 0}",0.7326,92.17,21.4,10,0,77,49,79,85,91,0.1647,6
ROAD_042,2026-04-23T00:00:00,77,40,49,Medium,9,"{""D00"": 3, ""D10"": 3, ""D20"": 3, ""D40"": 0}",0.7252,87.03999999999999,13.3,9,0,,,,79,77,0.0,7
ROAD_043,2025-01-15T00:00:00,100,0,0,Routine,0,"{""D00"": 0, ""D10"": 0, ""D20"": 0, ""D40"": 0}",0.0,0.0,0.0,0,0,92,26,66,0,100,0.0,0
ROAD_043,2025-03-22T00:00:00,92,26,26,Routine,2,"{""D00"": 2, ""D10"": 0, ""D20"": 0, ""D40"": 0}",0.7813,84.61999999999999,59.3,2,0,78,48,50,66,100,0.1212,1
ROAD_043,2025-05-11T00:00:00,78,39,48,Medium,5,"{""D00"": 1, ""D10"": 2, ""D20"": 2, ""D40"": 0}",0.7718,93.67,57.2,5,0,83,42,74,50,92,0.28,2
ROAD_043,2025-07-24T00:00:00,83,30,42,Medium,4,"{""D00"": 1, ""D10"": 3, ""D20"": 0, ""D40"": 0}",0.7167,87.64,73.2,4,0,78,54,77,74,78,-0.0676,3
ROAD_043,2025-10-09T00:00:00,78,50,54,Medium,5,"{""D00"": 0, ""D10"": 1, ""D20"": 2, ""D40"": 2}",0.6699,78.83,50.3,5,1,100,0,65,77,83,0.0649,4
ROAD_043,2025-12-13T00:00:00,100,0,0,Routine,0,"{""D00"": 0, ""D10"": 0, ""D20"": 0, ""D40"": 0}",0.0,0.0,0.0,0,0,100,0,60,65,78,-0.3385,5
ROAD_043,2026-02-11T00:00:00,100,0,0,Routine,0,"{""D00"": 0, ""D10"": 0, ""D20"": 0, ""D40"": 0}",0.0,0.0,0.0,0,0,92,27,71,60,100,0.0,6
ROAD_043,2026-04-23T00:00:00,92,27,27,Routine,2,"{""D00"": 2, ""D10"": 0, ""D20"": 0, ""D40"": 0}",0.7894,89.14,60.1,2,0,,,,71,100,0.1127,7
ROAD_044,2025-01-27T00:00:00,96,23,18,Routine,1,"{""D00"": 1, ""D10"": 0, ""D20"": 0, ""D40"": 0}",0.6329,63.29,58.3,1,0,100,0,35,0,96,0.0,0
ROAD_044,2025-03-03T00:00:00,100,0,0,Routine,0,"{""D00"": 0, ""D10"": 0, ""D20"": 0, ""D40"": 0}",0.0,0.0,0.0,0,0,92,26,42,35,96,-0.1143,1
ROAD_044,2025-04-14T00:00:00,92,25,26,Routine,2,"{""D00"": 2, ""D10"": 0, ""D20"": 0, ""D40"": 0}",0.7273,82.08,22.2,2,0,96,25,85,42,100,0.1905,2
ROAD_044,2025-07-08T00:00:00,96,37,25,Routine,1,"{""D00"": 0, ""D10"": 0, ""D20"": 1, ""D40"": 0}",0.6407,64.07000000000001,49.3,1,0,82,47,61,85,92,-0.0471,3
ROAD_044,2025-09-07T00:00:00,82,40,47,Medium,4,"{""D00"": 0, ""D10"": 1, ""D20"": 3, ""D40"": 0}",0.8102,89.14,18.3,4,0,87,35,43,61,96,0.2295,4
ROAD_044,2025-10-20T00:00:00,87,29,35,Routine,3,"{""D00"": 1, ""D10"": 2, ""D20"": 0, ""D40"": 0}",0.7381,93.78999999999999,22.0,3,0,78,52,47,43,82,-0.1163,5
ROAD_044,2025-12-06T00:00:00,78,46,52,Medium,5,"{""D00"": 1, ""D10"": 1, ""D20"": 2, ""D40"": 1}",0.8367,93.07,56.2,5,0,78,46,71,47,87,0.1915,6
ROAD_044,2026-02-15T00:00:00,78,35,46,Medium,8,"{""D00"": 2, ""D10"": 4, ""D20"": 2, ""D40"": 0}",0.7013,90.42999999999999,31.3,8,0,,,,71,78,0.0,7
ROAD_045,2025-01-21T00:00:00,100,0,0,Routine,0,"{""D00"": 0, ""D10"": 0, ""D20"": 0, ""D40"": 0}",0.0,0.0,0.0,0,0,96,21,37,0,100,0.0,0
ROAD_045,2025-02-27T00:00:00,96,28,21,Routine,1,"{""D00"": 1, ""D10"": 0, ""D20"": 0, ""D40"": 0}",0.8722,87.22,79.2,1,0,96,20,66,37,100,0.1081,1
ROAD_045,2025-05-04T00:00:00,96,27,20,Routine,1,"{""D00"": 1, ""D10"": 0, ""D20"": 0, ""D40"": 0}",0.8357,83.57,46.4,1,0,96,23,45,66,96,0.0,2
ROAD_045,2025-06-18T00:00:00,96,33,23,Routine,1,"{""D00"": 0, ""D10"": 1, ""D20"": 0, ""D40"": 0}",0.8347,83.47,68.0,1,0,92,27,35,45,96,0.0,3
ROAD_045,2025-07-23T00:00:00,92,28,27,Routine,2,"{""D00"": 1, ""D10"": 1, ""D20"": 0, ""D40"": 0}",0.7407,78.36999999999999,54.6,2,0,91,28,58,35,96,0.1143,4
ROAD_045,2025-09-19T00:00:00,91,29,28,Routine,2,"{""D00"": 0, ""D10"": 2, ""D20"": 0, ""D40"": 0}",0.599,60.08,24.9,2,0,87,34,60,58,92,0.0172,5
ROAD_045,2025-11-18T00:00:00,87,27,34,Routine,3,"{""D00"": 2, ""D10"": 0, ""D20"": 1, ""D40"": 0}",0.5841,59.709999999999994,20.0,3,0,92,32,80,60,91,0.0667,6
ROAD_045,2026-02-06T00:00:00,92,38,32,Routine,2,"{""D00"": 0, ""D10"": 1, ""D20"": 1, ""D40"": 0}",0.888,89.82,39.2,2,0,,,,80,87,-0.0625,7
ROAD_046,2025-01-27T00:00:00,100,0,0,Routine,0,"{""D00"": 0, ""D10"": 0, ""D20"": 0, ""D40"": 0}",0.0,0.0,0.0,0,0,96,18,68,0,100,0.0,0
ROAD_046,2025-04-05T00:00:00,96,23,18,Routine,1,"{""D00"": 1, ""D10"": 0, ""D20"": 0, ""D40"": 0}",0.6096,60.96,61.0,1,0,92,31,35,68,100,0.0588,1
ROAD_046,2025-05-10T00:00:00,92,35,31,Routine,2,"{""D00"": 1, ""D10"": 0, ""D20"": 1, ""D40"": 0}",0.8831,93.32000000000001,50.0,2,0,83,42,80,35,96,0.1143,2
ROAD_046,2025-07-29T00:00:00,83,31,42,Medium,4,"{""D00"": 1, ""D10"": 3, ""D20"": 0, ""D40"": 0}",0.6707,85.02,47.3,4,0,92,30,50,80,92,0.1125,3
ROAD_046,2025-09-17T00:00:00,92,33,30,Routine,2,"{""D00"": 0, ""D10"": 1, ""D20"": 1, ""D40"": 0}",0.656,71.6,17.0,2,0,88,33,40,50,83,-0.18,4
ROAD_046,2025-10-27T00:00:00,88,27,33,Routine,3,"{""D00"": 2, ""D10"": 1, ""D20"": 0, ""D40"": 0}",0.7303,82.14,67.9,3,0,87,36,37,40,92,0.1,5
ROAD_046,2025-12-03T00:00:00,87,31,36,Routine,3,"{""D00"": 1, ""D10"": 1, ""D20"": 1, ""D40"": 0}",0.6915,71.28,77.4,3,0,76,53,73,37,88,0.027,6
ROAD_046,2026-02-14T00:00:00,76,46,53,Medium,10,"{""D00"": 4, ""D10"": 3, ""D20"": 2, ""D40"": 1}",0.8013,94.32000000000001,33.9,10,0,,,,73,87,0.1507,7
ROAD_047,2025-01-30T00:00:00,96,26,20,Routine,1,"{""D00"": 1, ""D10"": 0, ""D20"": 0, ""D40"": 0}",0.7723,77.23,58.8,1,0,96,23,61,0,96,0.0,0
ROAD_047,2025-04-01T00:00:00,96,33,23,Routine,1,"{""D00"": 0, ""D10"": 1, ""D20"": 0, ""D40"": 0}",0.8189,81.89,34.7,1,0,83,42,82,61,96,0.0,1
ROAD_047,2025-06-22T00:00:00,83,31,42,Medium,4,"{""D00"": 1, ""D10"": 3, ""D20"": 0, ""D40"": 0}",0.7701,92.45,73.3,4,0,91,27,75,82,96,0.1585,2
ROAD_047,2025-09-05T00:00:00,91,26,27,Routine,2,"{""D00"": 2, ""D10"": 0, ""D20"": 0, ""D40"": 0}",0.7631,77.61,14.6,2,0,79,44,38,75,83,-0.1067,3
ROAD_047,2025-10-13T00:00:00,79,32,44,Medium,5,"{""D00"": 2, ""D10"": 3, ""D20"": 0, ""D40"": 0}",0.8163,90.32,39.4,5,0,77,52,58,38,91,0.3158,4
ROAD_047,2025-12-10T00:00:00,77,46,52,Medium,7,"{""D00"": 3, ""D10"": 1, ""D20"": 2, ""D40"": 1}",0.8358,94.12,58.5,7,1,100,0,80,58,79,0.0345,5
ROAD_047,2026-02-28T00:00:00,100,0,0,Routine,0,"{""D00"": 0, ""D10"": 0, ""D20"": 0, ""D40"": 0}",0.0,0.0,0.0,0,0,100,0,49,80,77,-0.2875,6
ROAD_047,2026-04-18T00:00:00,100,0,0,Routine,0,"{""D00"": 0, ""D10"": 0, ""D20"": 0, ""D40"": 0}",0.0,0.0,0.0,0,0,,,,49,100,0.0,7
ROAD_048,2025-01-04T00:00:00,100,0,0,Routine,0,"{""D00"": 0, ""D10"": 0, ""D20"": 0, ""D40"": 0}",0.0,0.0,0.0,0,0,96,18,56,0,100,0.0,0
ROAD_048,2025-03-01T00:00:00,96,23,18,Routine,1,"{""D00"": 1, ""D10"": 0, ""D20"": 0, ""D40"": 0}",0.5905,59.050000000000004,55.6,1,0,92,28,73,56,100,0.0714,1
ROAD_048,2025-05-13T00:00:00,92,29,28,Routine,2,"{""D00"": 1, ""D10"": 1, ""D20"": 0, ""D40"": 0}",0.7709,78.81,34.9,2,0,79,45,60,73,96,0.0548,2
ROAD_048,2025-07-12T00:00:00,79,33,45,Medium,5,"{""D00"": 3, ""D10"": 2, ""D20"": 0, ""D40"": 0}",0.8101,94.06,54.8,5,0,83,43,42,60,92,0.2167,3
ROAD_048,2025-08-23T00:00:00,83,33,43,Medium,4,"{""D00"": 2, ""D10"": 1, ""D20"": 1, ""D40"": 0}",0.777,91.8,61.4,4,0,79,45,90,42,79,-0.0952,4
ROAD_048,2025-11-21T00:00:00,79,33,45,Medium,5,"{""D00"": 2, ""D10"": 2, ""D20"": 1, ""D40"": 0}",0.7279,91.43,11.5,5,1,96,19,73,90,83,0.0444,5
ROAD_048,2026-02-02T00:00:00,96,25,19,Routine,1,"{""D00"": 1, ""D10"": 0, ""D20"": 0, ""D40"": 0}",0.6979,69.78999999999999,36.1,1,0,96,21,40,73,79,-0.2329,6
ROAD_048,2026-03-14T00:00:00,96,28,21,Routine,1,"{""D00"": 0, ""D10"": 1, ""D20"": 0, ""D40"": 0}",0.6078,60.78,74.7,1,0,,,,40,96,0.0,7
ROAD_049,2025-01-14T00:00:00,96,30,22,Routine,1,"{""D00"": 0, ""D10"": 1, ""D20"": 0, ""D40"": 0}",0.6811,68.11,13.7,1,0,96,28,80,0,96,0.0,0
ROAD_049,2025-04-04T00:00:00,96,42,28,Routine,1,"{""D00"": 0, ""D10"": 0, ""D20"": 1, ""D40"": 0}",0.8664,86.64,53.0,1,0,83,44,40,80,96,0.0,1
ROAD_049,2025-05-14T00:00:00,83,34,44,Medium,4,"{""D00"": 1, ""D10"": 2, ""D20"": 1, ""D40"": 0}",0.745,77.85,75.5,4,0,91,28,53,40,96,0.325,2
ROAD_049,2025-07-06T00:00:00,91,28,28,Routine,2,"{""D00"": 1, ""D10"": 1, ""D20"": 0, ""D40"": 0}",0.7055,72.04,42.7,2,0,79,48,56,53,83,-0.1509,3
ROAD_049,2025-08-31T00:00:00,79,40,48,Medium,5,"{""D00"": 1, ""D10"": 1, ""D20"": 3, ""D40"": 0}",0.7153,94.94,62.7,5,0,76,59,77,56,91,0.2143,4
ROAD_049,2025-11-16T00:00:00,76,58,59,Medium,6,"{""D00"": 1, ""D10"": 1, ""D20"": 1, ""D40"": 3}",0.8509,94.57,31.4,6,1,96,19,77,77,79,0.039,5
ROAD_049,2026-02-01T00:00:00,96,24,19,Routine,1,"{""D00"": 1, ""D10"": 0, ""D20"": 0, ""D40"": 0}",0.6699,66.99000000000001,51.1,1,0,95,22,66,77,76,-0.2597,6
ROAD_049,2026-04-08T00:00:00,95,30,22,Routine,1,"{""D00"": 1, ""D10"": 0, ""D20"": 0, ""D40"": 0}",0.9155,91.55,50.2,1,0,,,,66,96,0.0152,7
ROAD_050,2025-01-07T00:00:00,100,0,0,Routine,0,"{""D00"": 0, ""D10"": 0, ""D20"": 0, ""D40"": 0}",0.0,0.0,0.0,0,0,92,25,51,0,100,0.0,0
ROAD_050,2025-02-27T00:00:00,92,24,25,Routine,2,"{""D00"": 2, ""D10"": 0, ""D20"": 0, ""D40"": 0}",0.6989,82.0,77.4,2,0,92,25,48,51,100,0.1569,1
ROAD_050,2025-04-16T00:00:00,92,24,25,Routine,2,"{""D00"": 2, ""D10"": 0, ""D20"": 0, ""D40"": 0}",0.6795,75.74,39.3,2,0,96,20,77,48,92,0.0,2
ROAD_050,2025-07-02T00:00:00,96,26,20,Routine,1,"{""D00"": 1, ""D10"": 0, ""D20"": 0, ""D40"": 0}",0.7399,73.99,52.3,1,0,87,36,90,77,92,-0.0519,3
ROAD_050,2025-09-30T00:00:00,87,31,36,Routine,3,"{""D00"": 0, ""D10"": 3, ""D20"": 0, ""D40"": 0}",0.7312,94.64,16.4,3,0,79,43,71,90,96,0.1,4
ROAD_050,2025-12-10T00:00:00,79,30,43,Medium,5,"{""D00"": 3, ""D10"": 2, ""D20"": 0, ""D40"": 0}",0.7343,90.42,35.8,5,1,100,0,78,71,87,0.1127,5
ROAD_050,2026-02-26T00:00:00,100,0,0,Routine,0,"{""D00"": 0, ""D10"": 0, ""D20"": 0, ""D40"": 0}",0.0,0.0,0.0,0,0,100,0,58,78,79,-0.2692,6
ROAD_050,2026-04-25T00:00:00,100,0,0,Routine,0,"{""D00"": 0, ""D10"": 0, ""D20"": 0, ""D40"": 0}",0.0,0.0,0.0,0,0,,,,58,100,0.0,7
